restaurant_id,restaurant_name,restaurant_city,restaurant_cuisine,restaurant_type,restaurant_online_order,restaurant_price_tier,restaurant_rating,restaurant_is_chain,restaurant_delivery_time_avg,restaurant_avg_orders_per_day
428,Great Wall Restaurant - Branch 3,mumbai,chinese,Quick Bites,Yes,1,4.377964037,0,72.2,117
52,SodaBottleOpenerWala,hyderabad,continental,Cafe,No,1,4.023229176,1,54.3,126
386,SLV Corner - Branch 4,chennai,south_indian,Casual Dining,Yes,1,4.150654712,0,51.2,134
95,The Bigg Small Cafe - Branch 2,bengaluru,north_indian,Fine Dining,Yes,1,4.076875007,0,55.9,132
393,Nandhini Restaurant - Branch 4,hyderabad,south_indian,Food Court,No,1,4.213850406,0,39.1,122
623,Biryani By Kilo - Branch 4,hyderabad,biryani,Casual Dining,No,3,4.073557442,0,65.7,44
104,BOX8,chennai,fast_food,Quick Bites,Yes,2,3.662273775,0,43.9,74
536,Nandhini Restaurant - Branch 5,pune,south_indian,Delivery,Yes,2,4.062000336,1,29.5,116
282,Eat South - Branch 3,bengaluru,south_indian,Quick Bites,Yes,3,4.101341751,0,70.6,57
25,Sugar & Spice,hyderabad,desserts,Cafe,No,1,3.786166569,1,38.1,145
70,Saffron House,hyderabad,north_indian,Casual Dining,Yes,1,3.506636103,0,56.9,111
568,Gino's Pizza - Branch 4,bengaluru,italian,Fine Dining,Yes,1,4.623578875,0,49.5,113
331,The Great Kabab Factory - Branch 4,mumbai,north_indian,Casual Dining,Yes,2,3.97737604,0,34.6,84
538,Moti Mahal - Branch 6,bengaluru,north_indian,Casual Dining,Yes,2,3.662483346,1,56.2,84
635,Rebel Foods - Branch 4,bengaluru,fast_food,Delivery,Yes,3,4.187844785,0,47,27
64,Napoli Ristorante,mumbai,italian,Casual Dining,Yes,1,3.818353916,0,27.1,102
627,Hotel Janatha Deluxe - Branch 6,bengaluru,south_indian,Casual Dining,Yes,2,3.818509658,1,75,127
50,Authentic Kebab,bengaluru,arabian,Quick Bites,Yes,2,4.059782575,0,38.1,65
200,La Piazza,delhi,italian,Delivery,Yes,1,3.717784024,0,48.9,127
427,Mama Mia - Branch 3,bengaluru,italian,Casual Dining,Yes,3,4.151909344,1,72,96
363,Bistro 57 - Branch 2,bengaluru,continental,Casual Dining,No,1,4.848748157,0,75,123
467,Hotel Darshini - Branch 4,delhi,south_indian,Casual Dining,Yes,2,4.35550393,0,56,75
605,Express Kitchen - Branch 3,chennai,fast_food,Delivery,Yes,1,4.034478935,1,67.3,129
189,Oven Fresh,chennai,desserts,Bakery,Yes,1,3.851940157,0,46.7,113
156,Fork & Knife,hyderabad,continental,Casual Dining,Yes,2,4.431357315,0,51.3,83
401,Kerala Kitchen - Branch 4,delhi,south_indian,Delivery,Yes,1,3.886874215,1,55.7,124
420,Canton Canteen - Branch 3,delhi,chinese,Food Court,Yes,2,3.559938207,1,42.5,88
461,Il Forno - Branch 3,bengaluru,italian,Fine Dining,Yes,2,4.662104034,0,75,75
94,Haveli Restro,delhi,north_indian,Casual Dining,Yes,1,3.82859871,0,62.7,104
647,Wok to Walk - Branch 5,mumbai,chinese,Casual Dining,Yes,1,4.583786909,0,67.7,121
37,Dragon Palace,kolkata,chinese,Quick Bites,Yes,2,3.474711322,1,50.3,120
250,Fatto a Mano,bengaluru,italian,Casual Dining,No,1,4.506269499,1,49.5,136
638,Mandi House,delhi,arabian,Quick Bites,Yes,1,4.825884814,0,61.5,108
195,Fu Lin Kitchen - Branch 2,mumbai,chinese,Food Court,Yes,2,3.102218699,0,34.7,75
267,CTR Malleswaram - Branch 2,hyderabad,south_indian,Quick Bites,No,1,3.957792798,0,36.7,88
617,Dragon Palace - Branch 5,bengaluru,chinese,Casual Dining,Yes,1,4.341559267,0,49,137
575,The Leela Kitchen - Branch 2,mumbai,continental,Cafe,No,2,4.122867958,0,35.3,70
100,Golden Punjab - Branch 2,hyderabad,north_indian,Quick Bites,Yes,2,3.293717429,0,41.6,66
327,Udupi Palace - Branch 3,hyderabad,south_indian,Delivery,Yes,2,4.043412413,1,42.7,99
122,Faasos Wraps,kolkata,fast_food,Quick Bites,No,1,3.78358934,1,33.1,124
403,Royal Mughal Kitchen - Branch 5,mumbai,north_indian,Fine Dining,No,2,3.65566947,1,37.4,92
383,Spice Route - Branch 5,chennai,north_indian,Fine Dining,No,1,3.748512147,0,51,122
199,Il Forno,chennai,italian,Fine Dining,No,3,3.710666187,0,75,40
224,The Pizza Bakery,bengaluru,italian,Delivery,Yes,2,3.942078281,1,57.4,115
293,Golden Punjab - Branch 4,hyderabad,north_indian,Fine Dining,Yes,1,4.421463351,0,66,105
494,Wings Over India - Branch 3,mumbai,fast_food,Quick Bites,Yes,3,3.392765224,1,54,49
381,The Bigg Small Cafe - Branch 5,bengaluru,north_indian,Fine Dining,Yes,2,3.849840024,0,34.6,89
390,MTR Restaurant - Branch 4,delhi,south_indian,Casual Dining,Yes,3,3.834977615,0,59.6,56
469,Biryani By Kilo - Branch 3,mumbai,biryani,Casual Dining,Yes,1,3.491949792,0,38.2,104
153,Sorrentina,bengaluru,italian,Cafe,No,2,3.423491546,0,44.8,89
276,Bombay Burger Co - Branch 2,bengaluru,fast_food,Quick Bites,Yes,2,3.540211366,0,52.5,83
320,Kwality Walls Swirl,bengaluru,desserts,Cafe,Yes,3,4.102012543,0,47.3,49
22,The Sugar Lab,mumbai,desserts,Cafe,Yes,3,3.46131157,1,56.2,72
433,Barista - Branch 2,bengaluru,desserts,Quick Bites,Yes,1,4.348721511,0,47.8,105
230,Delhi-6 Kitchen - Branch 3,bengaluru,north_indian,Fine Dining,Yes,2,4.087349771,1,32.5,105
126,Andhra Spice,bengaluru,south_indian,Food Court,Yes,1,3.595385886,1,48.2,152
654,Cakes & More - Branch 3,hyderabad,desserts,Dessert Parlour,Yes,1,4.174964356,1,40.5,153
133,Delhi-6 Kitchen - Branch 2,chennai,north_indian,Quick Bites,No,3,4.022326394,0,38.9,34
107,Chettinad Cuisine,mumbai,south_indian,Delivery,Yes,1,3.97929176,0,41.4,104
106,Great Wall Restaurant,delhi,chinese,Casual Dining,No,2,4.704886475,0,51.5,67
204,Momo Station - Branch 2,mumbai,chinese,Casual Dining,Yes,2,4.028310411,0,75,87
500,Noodle Street - Branch 4,pune,chinese,Delivery,Yes,1,4.379958271,0,61.2,96
399,Pasta Street - Branch 2,bengaluru,italian,Delivery,Yes,2,3.805021674,1,34.4,118
262,The Table,delhi,continental,Cafe,No,2,3.185672438,0,51.7,95
332,Faasos Wraps - Branch 2,pune,fast_food,Food Court,Yes,1,3.714514517,1,47.1,130
465,Shanghai Garden - Branch 4,mumbai,chinese,Casual Dining,Yes,1,4.145622408,1,74.3,127
588,Paradise Biryani - Branch 4,bengaluru,biryani,Delivery,Yes,2,4.23439153,1,59.4,113
455,Pesto Kitchen - Branch 3,mumbai,italian,Casual Dining,Yes,2,3.806509976,0,38.7,87
416,Dum Pukht - Branch 5,mumbai,north_indian,Fine Dining,Yes,2,3.729602018,1,54.4,113
105,Vasantha Bhavan,hyderabad,south_indian,Casual Dining,No,1,4.141379116,1,75,160
531,Fatto a Mano - Branch 3,pune,italian,Fine Dining,Yes,1,3.830274995,0,59.9,103
685,Golden Punjab - Branch 8,hyderabad,north_indian,Casual Dining,No,1,4.02118785,0,44.9,97
146,China Bistro - Branch 2,bengaluru,chinese,Casual Dining,No,1,3.991298257,1,44,153
525,Cafe Bahar - Branch 4,chennai,biryani,Casual Dining,Yes,3,3.515681282,0,55.8,45
565,Bombay Burger Co - Branch 3,bengaluru,fast_food,Quick Bites,Yes,2,4.452449183,0,30.9,65
510,Wok to Walk - Branch 4,delhi,chinese,Quick Bites,No,3,4.173899854,0,50.5,64
421,Jade Palace - Branch 3,mumbai,chinese,Casual Dining,Yes,2,3.753203368,0,32.8,67
672,Udupi Palace - Branch 6,mumbai,south_indian,Quick Bites,No,1,4.141687349,0,49.1,104
526,Orient Kitchen - Branch 4,delhi,chinese,Quick Bites,Yes,1,3.587213703,0,75,101
188,Hotel Janatha Deluxe - Branch 2,pune,south_indian,Food Court,Yes,1,3.698989183,0,38.2,106
143,Trattoria,hyderabad,italian,Delivery,Yes,3,3.121037396,0,62.9,59
438,Udupi Palace - Branch 4,chennai,south_indian,Delivery,No,2,3.961970269,0,73.7,62
149,Dum Pukht Biryani,hyderabad,biryani,Delivery,Yes,1,4.066422347,1,49.9,137
235,Wings Over India - Branch 2,bengaluru,fast_food,Delivery,Yes,1,4.356399904,0,54.8,125
214,The Belgian Waffle Co.,chennai,desserts,Quick Bites,Yes,2,4.314779126,0,37.2,90
73,Lucknowi Biryani Co.,chennai,biryani,Casual Dining,Yes,1,3.911458184,1,31.8,151
249,The Great Kabab Factory - Branch 3,delhi,north_indian,Delivery,Yes,1,4.227535855,1,54.6,128
310,Tandoor Magic - Branch 4,hyderabad,north_indian,Fine Dining,Yes,1,3.977250484,1,37.4,146
407,Fu Lin Kitchen - Branch 3,mumbai,chinese,Food Court,No,3,4.283513776,0,55.8,50
257,Zaika Arabian Kitchen,mumbai,arabian,Delivery,Yes,1,3.447901649,0,53.3,108
366,Eat South - Branch 4,delhi,south_indian,Delivery,No,2,4.104176695,1,66.8,101
653,Brahmin's Coffee Bar - Branch 6,bengaluru,south_indian,Quick Bites,No,3,3.884235532,0,40,42
521,MTR Restaurant - Branch 5,delhi,south_indian,Delivery,Yes,2,3.66612737,0,61.9,62
528,Heritage Kitchen - Branch 6,bengaluru,north_indian,Casual Dining,Yes,2,3.86160088,0,53,77
345,La Piazza - Branch 2,hyderabad,italian,Cafe,Yes,2,4.021964464,1,54.5,104
29,The Biryani Kitchen,mumbai,biryani,Quick Bites,Yes,2,3.82771105,0,39.8,83
203,Spice Route - Branch 3,chennai,north_indian,Delivery,Yes,1,3.281634898,1,43,150
679,Farmhouse Kitchen - Branch 2,hyderabad,continental,Casual Dining,Yes,1,4.070854592,1,47.6,153
266,Bukhara Dhaba - Branch 3,delhi,north_indian,Fine Dining,Yes,1,3.729413783,0,43.2,100
80,The Grub Shack,pune,continental,Cafe,Yes,1,4.469938108,1,66.5,145
694,Cafe Bahar - Branch 5,delhi,biryani,Casual Dining,Yes,1,4.660317855,0,37.4,106
480,Sham-e-Awadh,delhi,arabian,Casual Dining,Yes,1,3.798116853,0,61.2,99
48,Cakes & More,mumbai,desserts,Cafe,No,3,3.478169474,0,47.5,48
658,Chettinad Cuisine - Branch 6,mumbai,south_indian,Food Court,Yes,1,3.599170032,0,56.3,122
501,Hotel Janatha Deluxe - Branch 5,chennai,south_indian,Food Court,Yes,2,3.919993804,0,56.9,71
441,Trattoria - Branch 3,bengaluru,italian,Fine Dining,Yes,3,3.390900697,0,41.1,48
570,Dhaba by Claridges - Branch 7,hyderabad,north_indian,Casual Dining,Yes,2,3.68151252,0,37.2,103
344,The Biryani Kitchen - Branch 3,bengaluru,biryani,Delivery,Yes,1,4.715235192,0,41.3,113
182,Noodle Street - Branch 2,pune,chinese,Food Court,Yes,2,4.183368935,1,75,124
423,The Biryani Project - Branch 3,delhi,biryani,Casual Dining,Yes,2,4.544624349,0,35.2,69
369,Cafe Bahar - Branch 3,mumbai,biryani,Delivery,No,2,3.86748317,0,40.9,69
278,China Gate - Branch 3,delhi,chinese,Delivery,Yes,2,4.960673806,0,52.7,71
274,Istanbul Grill,hyderabad,arabian,Casual Dining,Yes,2,4.439738995,0,32.2,73
435,Rebel Foods - Branch 3,chennai,fast_food,Food Court,Yes,1,4.49174892,1,46.6,143
593,Shanghai Garden - Branch 5,mumbai,chinese,Delivery,No,2,3.862256704,0,33.6,73
359,The Italian Job - Branch 2,bengaluru,italian,Casual Dining,Yes,2,3.627768444,0,56.7,48
629,Biryani Factory - Branch 4,mumbai,biryani,Delivery,Yes,2,3.759441638,0,48.4,65
79,Moti Mahal,pune,north_indian,Casual Dining,No,1,4.588245631,0,51.5,109
446,Sorrentina - Branch 3,bengaluru,italian,Casual Dining,Yes,2,3.71390786,0,75,59
595,Hotel Vijayalakshmi - Branch 5,mumbai,south_indian,Food Court,No,1,4.408881396,0,32.3,123
186,Pesto Kitchen,chennai,italian,Cafe,Yes,2,3.782372307,1,49,93
280,Bombay Sweet Shop,hyderabad,desserts,Cafe,No,2,3.60868123,1,48.8,98
213,Vasantha Bhavan - Branch 2,delhi,south_indian,Delivery,Yes,1,4.13115018,0,61.1,117
81,Amritsar Express,hyderabad,north_indian,Quick Bites,Yes,1,4.218477207,1,75,133
580,Napoli Ristorante - Branch 4,mumbai,italian,Cafe,Yes,2,3.449525989,0,49.5,64
398,Vasantha Bhavan - Branch 4,hyderabad,south_indian,Delivery,Yes,1,4.000122297,0,52,104
268,Hotel Darshini - Branch 2,delhi,south_indian,Food Court,Yes,3,3.972071185,1,46.4,67
287,Vidyarthi Bhavan - Branch 3,delhi,south_indian,Casual Dining,Yes,2,3.794525331,0,75,78
486,Murugan Idli Shop - Branch 5,hyderabad,south_indian,Food Court,No,1,4.343567537,0,73.6,124
639,The Great Kabab Factory - Branch 7,bengaluru,north_indian,Quick Bites,Yes,1,3.990592517,1,61.4,130
220,Paradise Biryani - Branch 2,delhi,biryani,Delivery,Yes,2,3.476134929,1,40.3,98
362,Express Kitchen - Branch 2,delhi,fast_food,Delivery,Yes,2,3.841465751,0,33.3,72
211,The Italian Job,bengaluru,italian,Casual Dining,Yes,1,3.385343834,0,71.1,120
473,Eat South - Branch 5,hyderabad,south_indian,Food Court,Yes,1,4.180925959,0,45.4,90
112,Kerala Kitchen,bengaluru,south_indian,Delivery,Yes,3,3.696670887,1,34.7,82
193,Rebel Foods - Branch 2,bengaluru,fast_food,Delivery,Yes,1,4.883135924,0,54.6,89
690,Golden Dragon - Branch 5,bengaluru,chinese,Food Court,Yes,1,4.34428666,0,45.1,111
275,Red Dragon - Branch 2,hyderabad,chinese,Quick Bites,No,2,3.678044588,0,48.7,88
207,The Biryani Project - Branch 2,bengaluru,biryani,Casual Dining,No,1,4.255269119,0,63.8,128
689,Giulia's Kitchen - Branch 5,pune,italian,Fine Dining,Yes,1,4.024091908,0,75,121
14,The Greenhouse,bengaluru,continental,Casual Dining,No,1,3.486539361,0,38,114
539,Mezze by Harmattan,hyderabad,arabian,Delivery,No,1,4.360974285,0,57.5,113
698,Roma Express - Branch 5,pune,italian,Cafe,Yes,3,4.068113585,0,30.6,22
38,Murugan Idli Shop,hyderabad,south_indian,Food Court,Yes,1,4.457799046,0,53.7,85
223,Tandoor Magic - Branch 3,bengaluru,north_indian,Quick Bites,Yes,2,3.58235197,0,75,89
109,Wok Express - Branch 2,delhi,chinese,Delivery,Yes,3,4.101680817,1,55.8,81
295,The Tamilian Kitchen - Branch 3,mumbai,south_indian,Quick Bites,Yes,1,4.676209707,0,36.4,118
380,Mithai by Kanchan - Branch 2,mumbai,desserts,Cafe,No,2,4.442519703,1,54,112
552,The Bigg Small Cafe - Branch 7,delhi,north_indian,Fine Dining,No,1,4.106349701,1,32.5,115
91,Canton Canteen,chennai,chinese,Food Court,Yes,1,4.069583624,0,33,134
474,Biryani Factory - Branch 3,delhi,biryani,Delivery,Yes,2,4.153538115,1,29.6,109
66,The Smashed Burger,bengaluru,fast_food,Quick Bites,Yes,3,4.522244493,0,44.8,41
546,Al-Yousuf Biryani - Branch 4,bengaluru,biryani,Quick Bites,No,2,3.551407094,0,75,80
477,China Bistro - Branch 4,bengaluru,chinese,Quick Bites,Yes,2,3.753341048,0,75,54
457,Amritsar Express - Branch 5,mumbai,north_indian,Fine Dining,No,1,3.636738422,1,31.6,133
42,Delhi-6 Kitchen,chennai,north_indian,Quick Bites,No,2,3.970753093,0,53,78
71,Fu Lin Kitchen,chennai,chinese,Food Court,No,3,3.686114949,0,41.5,57
413,Giulia's Kitchen - Branch 3,delhi,italian,Fine Dining,Yes,1,3.56732921,1,75,139
319,Delhi-6 Kitchen - Branch 4,delhi,north_indian,Casual Dining,No,1,3.424820364,0,42.8,127
39,Nizam's Biryani,delhi,biryani,Casual Dining,Yes,2,3.710070465,0,29.8,68
316,NIC Ice Creams,hyderabad,desserts,Cafe,Yes,1,3.890459598,0,28,89
265,Biryani By Kilo - Branch 2,pune,biryani,Quick Bites,No,1,4.335715346,0,45.9,79
300,Ping's Cafe - Branch 3,delhi,chinese,Quick Bites,Yes,2,3.652358143,1,71,106
124,Shanghai Garden - Branch 2,delhi,chinese,Quick Bites,Yes,2,4.429514353,0,75,79
312,The Dragon Wok - Branch 3,hyderabad,chinese,Casual Dining,No,2,4.295913043,1,60.7,122
648,Bukhara Dhaba - Branch 7,mumbai,north_indian,Delivery,No,2,3.979106005,0,33.4,79
406,Cakes & More - Branch 2,bengaluru,desserts,Cafe,Yes,1,3.812622771,0,38.4,110
558,The Biryani Project - Branch 4,hyderabad,biryani,Casual Dining,Yes,3,3.063180895,1,62.7,71
162,Fast Fork,chennai,fast_food,Food Court,No,1,3.634375047,0,58.2,101
529,The Great Kabab Factory - Branch 6,pune,north_indian,Quick Bites,No,1,3.690468367,0,53.9,117
120,Golkonda Biryani,delhi,biryani,Delivery,Yes,1,3.902349192,0,75,110
394,Dhaba by Claridges - Branch 5,bengaluru,north_indian,Quick Bites,Yes,1,4.240885817,1,62.9,142
504,Smoke House Deli - Branch 2,bengaluru,continental,Cafe,No,2,4.800738511,0,61.4,52
333,Dough & Cream - Branch 2,mumbai,italian,Cafe,Yes,1,3.76298052,1,57.9,149
544,The Greasy Spoon - Branch 3,hyderabad,fast_food,Quick Bites,No,3,3.432112579,0,42.3,57
581,Kwality Walls Swirl - Branch 2,delhi,desserts,Bakery,No,2,4.70868712,1,58.1,102
566,Barbeque Nation - Branch 7,hyderabad,north_indian,Delivery,No,1,4.219279457,0,69.9,110
1,The Bigg Small Cafe,pune,north_indian,Quick Bites,Yes,2,4.143252692,0,51.5,76
277,Wok Express - Branch 3,delhi,chinese,Delivery,Yes,2,3.557423709,0,39.1,67
294,Barbeque Nation - Branch 4,delhi,north_indian,Casual Dining,Yes,1,3.490092411,0,68.4,127
410,Andhra Spice - Branch 4,pune,south_indian,Quick Bites,Yes,2,4.172152466,1,51.5,104
273,Pind Balluchi - Branch 3,mumbai,north_indian,Fine Dining,Yes,2,3.974279656,0,36.2,69
364,Sugar & Spice - Branch 2,bengaluru,desserts,Quick Bites,Yes,1,4.493384786,1,53.7,131
508,Pizza Hut Express - Branch 3,mumbai,italian,Cafe,Yes,2,4.610114512,0,39.1,66
63,Street Food Junction,chennai,fast_food,Quick Bites,No,3,4.521840479,0,53,30
434,Amici Cafe - Branch 3,hyderabad,italian,Delivery,Yes,3,4.89569465,0,37.6,48
659,Dum Pukht Biryani - Branch 4,chennai,biryani,Delivery,Yes,2,4.063991665,1,62.6,113
402,Tandoor Magic - Branch 5,pune,north_indian,Casual Dining,Yes,1,4.233708029,0,75,94
666,Arsalan Restaurant - Branch 4,delhi,biryani,Quick Bites,Yes,1,4.471295955,1,36,155
619,Fork & Knife - Branch 2,mumbai,continental,Fine Dining,No,1,3.800892399,0,63.7,100
511,Behrouz Biryani - Branch 4,mumbai,biryani,Quick Bites,Yes,2,3.981761681,0,42.4,82
264,Gino's Pizza - Branch 2,pune,italian,Casual Dining,Yes,3,4.147764524,1,62.7,69
338,Bukhara Dhaba - Branch 4,mumbai,north_indian,Quick Bites,No,1,3.809546879,1,59,134
83,Burger Singh,kolkata,fast_food,Quick Bites,Yes,2,4.469874778,0,41,75
584,Faasos Wraps - Branch 3,mumbai,fast_food,Quick Bites,Yes,2,2.977823062,0,52.6,59
641,Fu Lin Kitchen - Branch 5,bengaluru,chinese,Quick Bites,Yes,1,3.937044844,1,34.6,125
379,Nizam's Biryani - Branch 3,mumbai,biryani,Casual Dining,Yes,2,3.428424195,1,75,99
696,Corner House - Branch 2,pune,continental,Cafe,Yes,1,3.646441253,1,57.3,143
522,Delhi-6 Kitchen - Branch 6,hyderabad,north_indian,Quick Bites,No,2,3.540139074,0,67.7,73
418,Golden Dragon - Branch 3,delhi,chinese,Delivery,Yes,2,3.902741661,1,48.1,91
222,Frontier - Branch 3,mumbai,north_indian,Quick Bites,Yes,3,3.442482996,1,48.2,75
28,Roma Express,mumbai,italian,Casual Dining,No,2,3.60910054,1,62.5,98
422,Gino's Pizza - Branch 3,delhi,italian,Delivery,No,2,3.590959933,1,47.6,103
472,Saravana Bhavan - Branch 4,bengaluru,south_indian,Casual Dining,Yes,2,4.69962705,0,55.4,62
247,Farmhouse Kitchen,bengaluru,continental,Cafe,Yes,2,4.016931082,1,50.4,104
583,Wok Express - Branch 5,bengaluru,chinese,Quick Bites,Yes,1,3.89502917,1,62,145
111,Social Offline,chennai,continental,Cafe,No,2,3.863932652,1,42.8,124
44,Chopsticks House,delhi,chinese,Delivery,Yes,1,3.819634949,1,43,106
452,Just Desserts - Branch 2,delhi,desserts,Bakery,No,2,3.809127286,0,41.7,86
456,Moti Mahal - Branch 5,kolkata,north_indian,Casual Dining,Yes,2,4.265928546,1,49.6,125
231,Hard Rock Cafe,mumbai,continental,Casual Dining,Yes,1,3.965242008,0,35.2,116
254,Jade Palace - Branch 2,delhi,chinese,Casual Dining,No,3,4.101168043,1,60.5,63
159,Saravana Bhavan,bengaluru,south_indian,Delivery,Yes,1,3.690788339,0,45.5,139
642,Mithai by Kanchan - Branch 3,delhi,desserts,Bakery,Yes,1,4.16271914,1,50.5,146
573,Bombay Sweet Shop - Branch 2,chennai,desserts,Dessert Parlour,Yes,2,4.149561657,0,68.8,64
414,Orient Kitchen - Branch 3,chennai,chinese,Food Court,Yes,1,3.994410733,1,45.5,129
626,The Beer Cafe - Branch 2,mumbai,continental,Casual Dining,Yes,2,4.033740555,1,30.4,110
17,Barbeque Nation,delhi,north_indian,Delivery,No,3,4.440540657,0,25.7,35
562,Spice Route - Branch 7,mumbai,north_indian,Casual Dining,No,2,3.906935419,1,39,110
391,Quick Bites Hub - Branch 2,mumbai,fast_food,Delivery,No,2,4.146504101,1,41.5,112
470,Hangar Bar & Kitchen - Branch 3,delhi,fast_food,Delivery,Yes,1,4.325901218,1,66.3,161
368,The Tamilian Kitchen - Branch 4,mumbai,south_indian,Delivery,Yes,2,3.916226561,0,73.1,71
677,The Bigg Small Cafe - Branch 8,chennai,north_indian,Casual Dining,Yes,2,4.282680407,0,75,81
415,Theobroma - Branch 2,hyderabad,desserts,Quick Bites,Yes,2,4.487244259,0,39.2,76
636,Pesto Kitchen - Branch 4,bengaluru,italian,Fine Dining,Yes,2,3.35778968,0,41.9,75
341,Pesto Kitchen - Branch 2,bengaluru,italian,Casual Dining,No,2,3.9313342,1,47.6,97
354,The Greenhouse - Branch 2,pune,continental,Cafe,No,3,3.565821584,0,48.1,45
269,Saffron House - Branch 3,pune,north_indian,Quick Bites,Yes,2,3.466028299,0,63.9,71
190,Grub Shack - Branch 2,mumbai,fast_food,Food Court,Yes,2,3.985870743,0,69.6,74
31,Eat South,hyderabad,south_indian,Quick Bites,Yes,2,3.908457367,0,33.6,68
367,Vidyarthi Bhavan - Branch 4,hyderabad,south_indian,Casual Dining,No,2,4.725771866,0,44.2,55
384,Golden Punjab - Branch 5,mumbai,north_indian,Fine Dining,Yes,2,4.19000756,0,45.2,75
92,Jade Palace,hyderabad,chinese,Food Court,Yes,1,3.86644071,0,43.2,125
519,Bawarchi Restaurant - Branch 4,bengaluru,biryani,Quick Bites,Yes,2,4.22303048,0,59.4,81
673,Shree Sagar - Branch 6,kolkata,south_indian,Quick Bites,Yes,3,4.046040358,0,39.9,36
74,Freshmenu,chennai,fast_food,Quick Bites,No,1,3.390999537,0,48.2,96
520,Royal Mughal Kitchen - Branch 6,chennai,north_indian,Casual Dining,Yes,2,3.603668691,1,30.1,116
101,Barbeque Nation - Branch 2,chennai,north_indian,Delivery,Yes,3,4.519376517,1,69.7,70
607,Delhi-6 Kitchen - Branch 7,bengaluru,north_indian,Delivery,No,1,3.749357123,0,36.5,115
329,Olive Bar & Kitchen - Branch 2,delhi,continental,Fine Dining,Yes,2,3.225606724,0,61.4,69
298,Eat.fit Kitchen - Branch 2,mumbai,fast_food,Quick Bites,Yes,1,3.238159798,1,34.7,130
603,Saravana Bhavan - Branch 5,bengaluru,south_indian,Delivery,Yes,2,4.485680239,0,75,70
431,Heritage Kitchen - Branch 5,mumbai,north_indian,Casual Dining,Yes,2,4.228671217,0,37.6,71
412,Delhi-6 Kitchen - Branch 5,bengaluru,north_indian,Fine Dining,Yes,2,3.941982262,1,68.7,109
560,Shree Sagar - Branch 5,bengaluru,south_indian,Quick Bites,Yes,3,3.517762574,0,30.8,54
5,Golden Punjab,bengaluru,north_indian,Casual Dining,Yes,2,4.961761303,1,42.9,88
665,Theobroma - Branch 3,bengaluru,desserts,Bakery,Yes,2,4.35462987,1,48.6,94
356,Moti Mahal - Branch 4,pune,north_indian,Delivery,Yes,2,3.896379694,1,36,96
177,Quick Bites Hub,pune,fast_food,Quick Bites,Yes,2,3.823398316,0,37,62
303,China Bistro - Branch 3,chennai,chinese,Food Court,Yes,1,4.401936999,1,56.5,127
598,Fast Fork - Branch 3,chennai,fast_food,Quick Bites,Yes,2,4.550051054,1,63,103
582,Frontier - Branch 7,hyderabad,north_indian,Delivery,Yes,2,3.938968566,0,32.9,69
466,Biryani Blues - Branch 3,chennai,biryani,Quick Bites,Yes,1,4.619785967,1,32.8,152
157,Hotel Vijayalakshmi,delhi,south_indian,Quick Bites,No,2,4.877827868,1,41,100
121,Frontier - Branch 2,bengaluru,north_indian,Casual Dining,Yes,1,4.198959602,1,73.6,149
656,Hangar Bar & Kitchen - Branch 4,hyderabad,fast_food,Delivery,Yes,2,4.582267143,1,35.1,107
323,Chettinad Cuisine - Branch 3,delhi,south_indian,Delivery,No,1,4.11087101,1,32.6,115
217,Barbeque Nation - Branch 3,bengaluru,north_indian,Casual Dining,No,1,4.07331494,0,40.5,118
377,Gulf Delights,hyderabad,arabian,Casual Dining,Yes,2,4.16866245,0,75,96
385,Barbeque Nation - Branch 5,kolkata,north_indian,Casual Dining,No,2,4.354082873,0,40.4,60
32,Tandoor Magic,bengaluru,north_indian,Fine Dining,Yes,2,3.808288335,0,54.9,93
165,Saffron House - Branch 2,chennai,north_indian,Casual Dining,Yes,1,4.00779667,0,42.8,109
602,Amici Cafe - Branch 4,delhi,italian,Casual Dining,Yes,1,4.306569971,1,36.7,157
365,The Pizza Bakery - Branch 2,delhi,italian,Fine Dining,Yes,3,4.191310624,1,40.7,78
47,Noodle Street,bengaluru,chinese,Quick Bites,No,1,4.443032373,0,52.2,111
304,Farzi Cafe,bengaluru,continental,Fine Dining,No,2,3.577886143,0,31.3,74
541,Amritsar Express - Branch 6,mumbai,north_indian,Delivery,Yes,3,3.941986826,1,31,91
370,Pizza Hut Express - Branch 2,kolkata,italian,Delivery,Yes,2,3.957053121,0,46.3,67
290,Shanghai Garden - Branch 3,bengaluru,chinese,Delivery,Yes,1,4.22251309,0,37.5,112
592,Vapiano - Branch 4,pune,italian,Delivery,No,2,2.705582254,0,60.2,76
680,Dosa Plaza - Branch 6,hyderabad,south_indian,Casual Dining,No,1,4.038240383,1,75,132
228,Royal Mughal Kitchen - Branch 3,pune,north_indian,Casual Dining,Yes,1,4.287164133,0,61.9,121
305,Amici Cafe - Branch 2,bengaluru,italian,Fine Dining,Yes,1,4.189108711,0,54.4,104
285,Arabian Bites,chennai,arabian,Casual Dining,No,1,3.44190494,1,35.1,118
318,Vasantha Bhavan - Branch 3,hyderabad,south_indian,Food Court,Yes,1,3.858543888,1,61.3,136
553,Karachi Bakery - Branch 2,mumbai,desserts,Cafe,Yes,1,3.934506357,0,36.6,107
348,Hotel Darshini - Branch 3,hyderabad,south_indian,Casual Dining,Yes,1,3.466789571,0,34.4,109
563,Golden Punjab - Branch 7,delhi,north_indian,Casual Dining,No,3,3.9484858,0,45.6,36
609,The Dragon Wok - Branch 5,bengaluru,chinese,Delivery,Yes,1,4.639891602,1,67.4,138
62,Hotel Janatha Deluxe,chennai,south_indian,Delivery,Yes,1,4.41143721,0,66,117
187,Haveli Restro - Branch 2,kolkata,north_indian,Delivery,Yes,3,3.833427979,0,29.3,27
205,Al-Yousuf Biryani - Branch 2,bengaluru,biryani,Delivery,Yes,2,3.4148785,0,75,92
129,Udupi Palace,delhi,south_indian,Quick Bites,No,2,3.92641332,0,66.4,74
99,Theobroma,chennai,desserts,Quick Bites,Yes,2,4.159120133,1,38.5,113
505,Dhaba by Claridges - Branch 6,chennai,north_indian,Casual Dining,Yes,2,4.091156231,0,45.4,73
527,Sweet Memories - Branch 2,hyderabad,desserts,Bakery,Yes,2,3.827815604,1,55.3,100
572,House of Commons - Branch 2,kolkata,continental,Fine Dining,No,2,3.759119814,0,64.5,53
645,La Piazza - Branch 4,bengaluru,italian,Fine Dining,Yes,3,4.003460223,1,50.7,89
78,Vapiano,bengaluru,italian,Fine Dining,No,1,3.966832021,0,35.3,132
328,Snacky Corner - Branch 2,bengaluru,fast_food,Quick Bites,Yes,3,3.598146256,0,62.3,43
196,Falafel Nation,mumbai,arabian,Delivery,Yes,2,3.855665708,0,75,79
495,Street Food Junction - Branch 3,hyderabad,fast_food,Food Court,Yes,1,4.011159543,0,50.2,119
445,Dosa Plaza - Branch 4,kolkata,south_indian,Delivery,Yes,1,3.857890802,0,25.8,115
621,Basilico - Branch 4,hyderabad,italian,Cafe,Yes,1,4.486158395,1,39.2,163
503,The Smashed Burger - Branch 3,mumbai,fast_food,Food Court,No,1,4.126844193,1,75,144
19,The Dragon Wok,mumbai,chinese,Food Court,Yes,2,3.787230308,0,38,84
23,Behrouz Biryani,chennai,biryani,Delivery,No,2,4.055533396,0,52.7,55
296,Dhaba by Claridges - Branch 4,delhi,north_indian,Delivery,Yes,2,4.045418846,1,66.9,110
314,Dum Pukht Biryani - Branch 2,mumbai,biryani,Casual Dining,Yes,3,3.988921896,1,49,70
125,The Wrap Factory,chennai,fast_food,Delivery,No,1,3.73695962,0,47.7,109
263,Great Wall Restaurant - Branch 2,chennai,chinese,Casual Dining,Yes,1,3.752122225,1,39.8,143
657,Amritsar Express - Branch 7,delhi,north_indian,Casual Dining,No,2,3.821544749,1,65.1,108
123,Barista,pune,desserts,Dessert Parlour,Yes,2,3.569671768,0,34.8,68
664,Kerala Kitchen - Branch 6,hyderabad,south_indian,Food Court,Yes,2,4.461613732,0,56.8,72
309,Trattoria - Branch 2,bengaluru,italian,Delivery,Yes,1,4.220597093,0,74.6,105
611,Vidyarthi Bhavan - Branch 6,bengaluru,south_indian,Delivery,Yes,1,3.683016496,0,51.8,109
463,La Piazza - Branch 3,delhi,italian,Cafe,Yes,2,3.242923301,0,33.8,82
556,Andhra Spice - Branch 5,delhi,south_indian,Food Court,No,2,4.068454732,1,40.1,131
586,Tandoor Magic - Branch 7,hyderabad,north_indian,Quick Bites,Yes,1,3.602389703,0,33,120
451,CTR Malleswaram - Branch 4,mumbai,south_indian,Quick Bites,No,1,3.856111317,0,62.6,124
208,Golden Punjab - Branch 3,mumbai,north_indian,Casual Dining,Yes,2,3.627702338,0,32.7,76
499,The Pizza Bakery - Branch 3,hyderabad,italian,Cafe,Yes,1,4.251345729,0,45.2,115
259,Giulia's Kitchen - Branch 2,hyderabad,italian,Cafe,No,2,4.629670658,0,60.1,63
697,CTR Malleswaram - Branch 6,chennai,south_indian,Delivery,Yes,2,3.878295957,0,67,68
69,Hakka House,chennai,chinese,Food Court,Yes,1,3.790830301,0,32.5,127
90,Golden Dragon,hyderabad,chinese,Quick Bites,No,2,4.748754594,0,47.8,69
550,Jade Palace - Branch 4,mumbai,chinese,Quick Bites,No,2,3.910666627,0,49.5,74
96,Mama Mia,kolkata,italian,Cafe,Yes,1,4.393511691,0,37.7,106
59,Heritage Kitchen,hyderabad,north_indian,Delivery,No,1,4.865173394,1,72.3,145
147,Biryani Factory,hyderabad,biryani,Delivery,Yes,2,4.092935548,0,71.2,88
301,SLV Corner - Branch 3,pune,south_indian,Delivery,Yes,1,4.029898359,1,49.3,139
661,The Pizza Bakery - Branch 4,bengaluru,italian,Casual Dining,No,2,4.375497526,1,54.2,93
490,Arsalan Restaurant - Branch 3,delhi,biryani,Casual Dining,Yes,2,4.221149847,1,33.3,123
281,Saravana Bhavan - Branch 2,bengaluru,south_indian,Quick Bites,Yes,2,4.044999015,0,36.9,83
357,Fast Fork - Branch 2,hyderabad,fast_food,Food Court,Yes,1,3.668867612,0,40.1,107
43,The Dessert Factory,delhi,desserts,Dessert Parlour,Yes,2,3.434092776,0,63.7,63
197,Wok to Walk - Branch 2,delhi,chinese,Delivery,No,2,3.952159042,0,30.5,76
353,The Wrap Factory - Branch 2,hyderabad,fast_food,Delivery,No,2,4.357215593,0,44.3,85
660,Momo Station - Branch 5,mumbai,chinese,Food Court,Yes,2,4.073889075,0,75,86
246,Heritage Kitchen - Branch 3,bengaluru,north_indian,Casual Dining,No,1,4.146086322,0,52.1,93
695,Farzi Cafe - Branch 2,chennai,continental,Casual Dining,Yes,1,3.877173842,0,53.5,100
255,Punjab Grill - Branch 3,chennai,north_indian,Quick Bites,No,2,3.374913217,0,39.5,102
542,Vasantha Bhavan - Branch 5,hyderabad,south_indian,Food Court,Yes,1,3.658200168,0,46.1,109
283,BOX8 - Branch 2,bengaluru,fast_food,Quick Bites,Yes,1,4.023021701,0,75,110
9,Ice Cream Works,hyderabad,desserts,Bakery,Yes,2,4.42445602,1,51.5,106
168,Vidyarthi Bhavan - Branch 2,mumbai,south_indian,Casual Dining,Yes,1,3.669835669,0,34,121
139,The Leela Kitchen,kolkata,continental,Fine Dining,No,1,3.869475386,0,57,83
60,The Great Kabab Factory,delhi,north_indian,Delivery,Yes,1,3.958790045,0,33,120
175,Moti Mahal - Branch 2,chennai,north_indian,Casual Dining,No,1,4.015644245,0,32.7,126
317,Brahmin's Coffee Bar - Branch 3,mumbai,south_indian,Quick Bites,Yes,2,4.255430075,1,46.2,107
692,Canton Canteen - Branch 5,mumbai,chinese,Casual Dining,Yes,2,4.142020511,1,58.7,108
637,Heritage Kitchen - Branch 7,bengaluru,north_indian,Fine Dining,No,2,4.321737353,1,74.1,100
202,Nandhini Restaurant - Branch 2,chennai,south_indian,Casual Dining,No,3,3.479938964,1,38.1,73
201,The Bigg Small Cafe - Branch 3,chennai,north_indian,Fine Dining,Yes,1,3.707512596,0,62.5,117
67,Royal Biryani,bengaluru,biryani,Delivery,Yes,1,4.13214938,0,40.2,105
87,The Greasy Spoon,bengaluru,fast_food,Delivery,Yes,1,4.791861975,0,30.9,114
485,Naturals Ice Cream - Branch 2,chennai,desserts,Quick Bites,No,3,3.916361687,1,45.3,79
597,The Sugar Lab - Branch 3,hyderabad,desserts,Quick Bites,Yes,2,4.035233758,0,28.6,58
606,Quick Bites Hub - Branch 3,mumbai,fast_food,Quick Bites,No,3,4.370864109,1,71.2,48
233,Sweet Memories,hyderabad,desserts,Quick Bites,No,1,3.998274322,1,75,150
248,Pasta Street,delhi,italian,Fine Dining,Yes,2,4.200988489,0,75,79
540,Shahi Biryani Palace - Branch 4,mumbai,biryani,Quick Bites,No,2,3.341681356,0,60.1,56
351,The Sugar Lab - Branch 2,bengaluru,desserts,Dessert Parlour,Yes,2,3.831734104,0,28.1,72
127,Smoke House Deli,mumbai,continental,Casual Dining,Yes,2,4.607686823,1,52.4,119
219,Lucknowi Biryani Co. - Branch 2,bengaluru,biryani,Casual Dining,No,2,3.974193362,1,63.6,91
662,Wings Over India - Branch 4,chennai,fast_food,Quick Bites,No,1,3.446001904,1,28.3,133
532,Punjab Grill - Branch 6,pune,north_indian,Quick Bites,Yes,1,4.061059869,0,35.5,103
533,Bukhara Dhaba - Branch 6,mumbai,north_indian,Casual Dining,Yes,2,4.163272534,0,62.7,68
20,Dhaba by Claridges,chennai,north_indian,Fine Dining,Yes,2,4.392872693,1,59.9,94
487,Golden Punjab - Branch 6,bengaluru,north_indian,Casual Dining,Yes,1,3.952460353,0,45.8,116
180,Pind Balluchi - Branch 2,mumbai,north_indian,Fine Dining,No,1,4.173397561,1,49.8,136
229,Golkonda Biryani - Branch 2,bengaluru,biryani,Quick Bites,Yes,2,4.228375271,0,64.6,76
184,Dough & Cream,mumbai,italian,Cafe,Yes,3,4.598639216,0,43.7,27
439,Lucknowi Biryani Co. - Branch 3,pune,biryani,Quick Bites,No,2,3.187547304,1,41.8,111
675,The Biryani Kitchen - Branch 5,hyderabad,biryani,Quick Bites,Yes,1,4.412541106,1,52.5,145
489,Oven Fresh - Branch 2,chennai,desserts,Dessert Parlour,Yes,2,3.920755056,0,72.5,80
496,SLV Corner - Branch 5,pune,south_indian,Casual Dining,Yes,2,4.022031564,0,49.3,62
313,Basilico - Branch 2,pune,italian,Casual Dining,Yes,3,4.820965035,1,49.1,96
336,Punjab Grill - Branch 4,delhi,north_indian,Quick Bites,No,1,3.578614125,0,52.2,121
450,Bukhara Dhaba - Branch 5,bengaluru,north_indian,Fine Dining,Yes,3,4.165168547,1,75,76
33,Cafe Bahar,chennai,biryani,Delivery,No,2,4.375339796,1,33.5,118
557,Roma Express - Branch 4,chennai,italian,Delivery,Yes,1,4.413673669,0,51.5,128
417,Roma Express - Branch 3,hyderabad,italian,Delivery,Yes,2,3.716409306,0,42.3,96
681,Pasta Street - Branch 4,bengaluru,italian,Casual Dining,Yes,3,4.03695939,0,58.7,32
145,Dosa Plaza,bengaluru,south_indian,Food Court,No,1,3.960406507,1,69.6,167
513,Burger Singh - Branch 3,mumbai,fast_food,Delivery,Yes,3,4.47359803,0,35.3,46
650,The Dessert Factory - Branch 3,chennai,desserts,Quick Bites,Yes,3,3.850669137,0,50.5,45
551,Kerala Kitchen - Branch 5,mumbai,south_indian,Delivery,Yes,1,4.137356785,0,59.6,128
68,MTR Restaurant,hyderabad,south_indian,Casual Dining,Yes,2,3.723738231,0,42.7,63
459,China Gate - Branch 4,hyderabad,chinese,Casual Dining,Yes,2,4.543651902,0,39.5,63
337,The Third Eye - Branch 2,hyderabad,continental,Cafe,Yes,1,3.8903264,0,60.3,104
61,Punjab Grill,bengaluru,north_indian,Casual Dining,Yes,2,3.57562014,1,39.6,107
555,La Folie - Branch 2,chennai,desserts,Quick Bites,Yes,2,3.835611938,1,46.9,88
244,Freshmenu - Branch 2,bengaluru,fast_food,Quick Bites,Yes,3,4.401982954,0,67.1,47
53,The Fatty Bao,hyderabad,continental,Cafe,Yes,3,3.437983402,0,55,57
227,Kerala Kitchen - Branch 2,bengaluru,south_indian,Delivery,Yes,1,4.112985461,1,46.4,139
279,Napoli Ristorante - Branch 2,bengaluru,italian,Cafe,No,1,4.355537548,0,54.1,134
569,Red Dragon - Branch 4,mumbai,chinese,Casual Dining,Yes,1,3.707487208,0,75,110
484,Plum by Bent Chair - Branch 2,pune,continental,Fine Dining,Yes,2,4.605473568,1,60.4,87
234,Canton Canteen - Branch 2,mumbai,chinese,Delivery,No,1,4.558485348,0,46.1,112
453,Saffron House - Branch 5,bengaluru,north_indian,Delivery,No,1,4.377720943,0,46.1,102
514,Frontier - Branch 6,hyderabad,north_indian,Quick Bites,No,1,4.474631981,0,33.2,111
342,Behrouz Biryani - Branch 3,delhi,biryani,Delivery,Yes,3,4.953363294,0,46.6,40
502,The Belgian Waffle Co. - Branch 2,delhi,desserts,Dessert Parlour,Yes,1,4.344728205,1,75,149
478,Vidyarthi Bhavan - Branch 5,bengaluru,south_indian,Quick Bites,Yes,3,4.269158837,1,34,54
649,Saffron House - Branch 7,chennai,north_indian,Delivery,Yes,2,3.937022288,0,40.6,64
86,Hyderabad House,bengaluru,biryani,Quick Bites,Yes,1,4.048740424,0,51,116
245,Burger Singh - Branch 2,bengaluru,fast_food,Food Court,No,1,5,1,74.4,133
442,Wok Express - Branch 4,mumbai,chinese,Casual Dining,No,2,4.061592559,0,61.4,45
688,Bella Cucina - Branch 5,bengaluru,italian,Cafe,No,3,4.215308633,1,58.2,67
308,MTR Restaurant - Branch 3,delhi,south_indian,Delivery,Yes,2,3.928278589,0,37.2,92
392,FoodBox - Branch 2,chennai,fast_food,Quick Bites,Yes,1,3.770374411,0,69.9,133
258,The Greasy Spoon - Branch 2,mumbai,fast_food,Quick Bites,Yes,1,4.443375507,0,32.7,82
346,Ice Cream Works - Branch 2,hyderabad,desserts,Quick Bites,Yes,2,3.810240447,0,41.4,90
307,Corner House,hyderabad,continental,Cafe,Yes,3,4.108911615,1,32.3,73
297,Murugan Idli Shop - Branch 3,delhi,south_indian,Casual Dining,Yes,2,4.259027394,0,75,80
151,Arsalan Restaurant,delhi,biryani,Quick Bites,No,2,3.821112179,0,43.7,69
321,Dum Pukht - Branch 4,mumbai,north_indian,Casual Dining,Yes,1,3.920083194,0,50.7,102
523,Dum Pukht - Branch 6,mumbai,north_indian,Casual Dining,No,2,3.95456634,0,55.2,72
134,Just Desserts,hyderabad,desserts,Bakery,Yes,3,3.854641239,0,42.9,62
436,The Great Kabab Factory - Branch 5,mumbai,north_indian,Quick Bites,No,1,3.362647796,0,43,99
75,Wok to Walk,bengaluru,chinese,Food Court,Yes,2,4.136576413,1,64,102
119,Al Faham Grill,kolkata,arabian,Quick Bites,Yes,3,4.154533674,0,36.4,28
671,Street Food Junction - Branch 4,bengaluru,fast_food,Food Court,Yes,1,3.735111827,0,47.7,83
97,Spice Route - Branch 2,hyderabad,north_indian,Casual Dining,Yes,1,3.997531474,0,67.2,101
171,Dragon Palace - Branch 2,mumbai,chinese,Food Court,Yes,1,4.191914263,0,53.7,114
620,Noodle Street - Branch 5,mumbai,chinese,Food Court,No,2,3.868106322,0,43.8,62
350,Saffron House - Branch 4,chennai,north_indian,Fine Dining,Yes,1,3.704357513,0,29.6,125
426,Dum Biryani House - Branch 3,pune,biryani,Quick Bites,Yes,2,3.731536446,0,75,53
674,Pizza Hut Express - Branch 4,pune,italian,Delivery,Yes,1,3.409028524,1,57.2,123
548,Pind Balluchi - Branch 6,chennai,north_indian,Fine Dining,Yes,1,4.205893096,0,38.4,130
388,The Dessert Factory - Branch 2,mumbai,desserts,Bakery,Yes,2,3.842541706,0,60.5,59
334,Arsalan Restaurant - Branch 2,mumbai,biryani,Casual Dining,Yes,1,3.532334178,0,34.4,96
517,Burger barn - Branch 3,bengaluru,fast_food,Quick Bites,Yes,1,4.287323688,0,56.9,117
670,Hard Rock Cafe - Branch 2,delhi,continental,Casual Dining,No,2,4.186692563,0,65.5,69
643,Il Forno - Branch 4,chennai,italian,Delivery,Yes,2,3.246470942,0,53.3,89
382,Al-Yousuf Biryani - Branch 3,bengaluru,biryani,Delivery,Yes,2,3.806626229,0,44,72
306,Biryani Factory - Branch 2,mumbai,biryani,Delivery,No,2,4.145201609,0,39.2,72
614,Golkonda Biryani - Branch 4,hyderabad,biryani,Quick Bites,Yes,1,3.747977098,0,54.1,141
271,Amritsar Express - Branch 3,bengaluru,north_indian,Quick Bites,Yes,2,4.077252741,0,49.6,73
161,Kabsa House,mumbai,arabian,Delivery,Yes,1,4.397633091,1,63.8,165
56,The Biryani Project,delhi,biryani,Quick Bites,Yes,2,3.001283083,0,33.7,96
358,Bawarchi Restaurant - Branch 3,hyderabad,biryani,Quick Bites,Yes,1,4.374806026,1,54.6,150
682,Spice Route - Branch 8,chennai,north_indian,Casual Dining,Yes,2,4.434033211,0,68.4,62
289,Mama Mia - Branch 2,hyderabad,italian,Cafe,Yes,2,4.068197548,1,75,112
640,MTR Restaurant - Branch 6,bengaluru,south_indian,Food Court,Yes,1,4.366882882,0,50.1,114
137,Biryani By Kilo,delhi,biryani,Casual Dining,Yes,1,3.771778963,0,28.2,97
330,Heritage Kitchen - Branch 4,bengaluru,north_indian,Delivery,No,1,4.091877531,0,69.2,116
440,Shree Sagar - Branch 4,mumbai,south_indian,Food Court,Yes,1,3.938209622,1,46.6,143
509,Fu Lin Kitchen - Branch 4,mumbai,chinese,Food Court,Yes,1,4.326029639,0,40,119
479,Social Offline - Branch 2,bengaluru,continental,Cafe,Yes,2,3.922849286,1,48.1,83
30,Bawarchi Restaurant,chennai,biryani,Delivery,No,1,4.167678865,0,52.7,90
476,The Grub Shack - Branch 2,bengaluru,continental,Fine Dining,Yes,2,4.251810571,0,29.8,84
116,Plum by Bent Chair,hyderabad,continental,Cafe,No,1,3.979199505,0,44.6,108
114,L'Opéra,delhi,desserts,Dessert Parlour,Yes,2,3.726837656,0,58.7,58
564,Royal Biryani - Branch 4,bengaluru,biryani,Quick Bites,No,3,3.740596254,0,56,47
163,The Biryani Kitchen - Branch 2,hyderabad,biryani,Delivery,Yes,1,3.140107063,1,38.4,132
183,Hakka House - Branch 2,hyderabad,chinese,Food Court,Yes,2,3.402971175,1,54.6,86
322,Sorrentina - Branch 2,bengaluru,italian,Fine Dining,Yes,2,3.748902612,0,72.9,86
559,Udupi Palace - Branch 5,hyderabad,south_indian,Casual Dining,Yes,1,4.150479364,0,36.6,136
376,Murugan Idli Shop - Branch 4,kolkata,south_indian,Quick Bites,Yes,1,4.173831337,1,47.7,150
651,The Italian Job - Branch 4,hyderabad,italian,Delivery,Yes,3,3.825026063,0,49.2,40
155,Hotel Darshini,hyderabad,south_indian,Casual Dining,Yes,3,3.492121413,0,74.4,28
492,The Italian Job - Branch 3,bengaluru,italian,Fine Dining,Yes,2,4.404908872,0,48.8,73
261,Roma Express - Branch 2,delhi,italian,Fine Dining,Yes,3,4.325658851,0,53.5,60
633,Gulshan Dhaba - Branch 7,pune,north_indian,Casual Dining,Yes,2,3.254908192,0,40,97
515,Momo Station - Branch 4,bengaluru,chinese,Quick Bites,Yes,2,3.157379466,0,57.8,86
443,Punjab Grill - Branch 5,hyderabad,north_indian,Delivery,Yes,3,4.151583948,0,30.1,43
352,Chopsticks House - Branch 3,mumbai,chinese,Quick Bites,Yes,2,3.70682969,0,50,67
430,Pastry Palace - Branch 2,mumbai,desserts,Dessert Parlour,Yes,2,4.300769123,0,62.2,63
206,Brahmin's Coffee Bar - Branch 2,bengaluru,south_indian,Casual Dining,No,1,3.872569085,0,72.9,120
194,Shahi Biryani Palace - Branch 2,bengaluru,biryani,Delivery,No,3,3.904607671,0,27.7,54
339,Dosa Plaza - Branch 3,mumbai,south_indian,Food Court,Yes,2,3.399464662,0,39.1,77
240,Pizza Hut Express,bengaluru,italian,Cafe,No,1,4.453185646,0,46.1,112
411,SodaBottleOpenerWala - Branch 2,bengaluru,continental,Casual Dining,No,1,4.259462702,0,46.3,104
683,The Smashed Burger - Branch 4,bengaluru,fast_food,Quick Bites,Yes,2,4.337877584,1,30,96
567,Great Wall Restaurant - Branch 4,delhi,chinese,Delivery,Yes,3,3.809886857,0,37.2,46
535,Saffron House - Branch 6,bengaluru,north_indian,Delivery,Yes,3,4.209402958,0,35,50
624,Biryani Bell - Branch 4,bengaluru,biryani,Delivery,Yes,2,3.74203984,0,39.4,68
594,The Wrap Factory - Branch 3,hyderabad,fast_food,Delivery,No,1,4.805473834,0,52.1,81
128,Tandoor Magic - Branch 2,mumbai,north_indian,Delivery,No,2,4.351658507,0,42.2,62
77,Al Naimat,hyderabad,arabian,Quick Bites,Yes,2,3.928850756,0,43.4,99
404,Fatto a Mano - Branch 2,hyderabad,italian,Fine Dining,Yes,1,4.666827631,0,49.5,116
498,Chopsticks House - Branch 4,hyderabad,chinese,Food Court,Yes,1,4.528210792,1,57.4,135
40,Royal Mughal Kitchen,pune,north_indian,Quick Bites,No,3,3.453395714,0,53.3,52
76,Paradise Biryani,mumbai,biryani,Quick Bites,No,1,4.440863053,0,54,112
236,Street Food Junction - Branch 2,pune,fast_food,Delivery,Yes,2,3.889770604,1,27.9,115
449,Dough & Cream - Branch 3,hyderabad,italian,Cafe,No,2,3.63450543,0,34.2,83
34,Vidyarthi Bhavan,hyderabad,south_indian,Quick Bites,No,1,4.146749461,0,69.6,123
16,Bistro 57,hyderabad,continental,Fine Dining,Yes,2,4.940453766,1,53.4,87
215,Hangar Bar & Kitchen - Branch 2,bengaluru,fast_food,Quick Bites,Yes,1,4.146479882,0,35.6,99
315,Nandhini Restaurant - Branch 3,chennai,south_indian,Casual Dining,Yes,2,3.468405068,0,50.6,60
291,Biryani Bell - Branch 2,bengaluru,biryani,Quick Bites,Yes,2,3.549585584,0,48,66
102,Pastry Palace,chennai,desserts,Quick Bites,Yes,3,4.573299654,1,42.3,84
243,Gulshan Dhaba - Branch 3,bengaluru,north_indian,Delivery,No,3,3.579473284,1,46,69
144,Biryani Bell,mumbai,biryani,Delivery,Yes,2,3.76441375,1,52.2,107
251,Biryani Blues - Branch 2,delhi,biryani,Delivery,No,2,3.765510792,1,38.3,112
141,Gulshan Dhaba - Branch 2,hyderabad,north_indian,Casual Dining,No,2,3.423019801,1,37.9,84
419,Gulshan Dhaba - Branch 5,chennai,north_indian,Delivery,Yes,3,4.225441095,0,75,29
512,Pasta Street - Branch 3,mumbai,italian,Fine Dining,Yes,2,3.649063107,0,38.4,67
93,Pind Balluchi,pune,north_indian,Fine Dining,Yes,3,3.136113768,0,60.1,57
57,Dum Biryani House,delhi,biryani,Quick Bites,Yes,1,3.459176347,1,46.7,146
241,Shree Sagar - Branch 2,bengaluru,south_indian,Delivery,Yes,2,3.572254596,0,72.7,77
591,Ice Cream Works - Branch 3,delhi,desserts,Bakery,Yes,1,4.061797029,1,49.6,132
239,Dum Pukht - Branch 3,bengaluru,north_indian,Fine Dining,Yes,1,4.846931134,0,65.9,103
604,Eat South - Branch 6,mumbai,south_indian,Casual Dining,No,1,3.420640535,0,75,105
577,Dosa Plaza - Branch 5,mumbai,south_indian,Casual Dining,Yes,1,4.712622333,0,28.6,133
691,Barbeque Nation - Branch 8,bengaluru,north_indian,Casual Dining,Yes,2,4.311935396,1,36.5,116
72,Nandhini Restaurant,chennai,south_indian,Quick Bites,Yes,3,4.249053309,1,55.9,49
590,Hotel Darshini - Branch 5,bengaluru,south_indian,Quick Bites,Yes,1,3.983125448,0,70.8,107
488,Barbeque Nation - Branch 6,bengaluru,north_indian,Quick Bites,Yes,1,3.648262324,0,39.5,129
110,Eat.fit Kitchen,delhi,fast_food,Quick Bites,Yes,2,3.379160476,0,48.1,81
585,CTR Malleswaram - Branch 5,chennai,south_indian,Delivery,Yes,2,3.458784598,0,52,66
138,House of Commons,hyderabad,continental,Fine Dining,Yes,2,3.179552014,1,36.6,100
299,Frontier - Branch 4,hyderabad,north_indian,Casual Dining,Yes,1,4.288894033,0,33.5,104
18,Salt Water Grill,hyderabad,continental,Casual Dining,Yes,1,3.170711401,0,75,108
610,Mainland China - Branch 5,bengaluru,chinese,Quick Bites,Yes,1,4.076696767,1,48.1,138
185,FoodBox,mumbai,fast_food,Food Court,Yes,2,4.128436281,0,65.9,68
167,Eat South - Branch 2,mumbai,south_indian,Casual Dining,No,1,4.020305272,0,64.1,98
158,Bukhara Dhaba - Branch 2,delhi,north_indian,Delivery,Yes,2,3.800147361,0,31.2,69
172,Murugan Idli Shop - Branch 2,kolkata,south_indian,Delivery,Yes,3,4.010291139,1,50.1,106
252,Karachi Bakery,hyderabad,desserts,Quick Bites,No,1,4.182875808,0,50,118
632,Dough & Cream - Branch 4,hyderabad,italian,Casual Dining,Yes,2,5,0,49.9,88
209,Orient Kitchen - Branch 2,bengaluru,chinese,Delivery,Yes,2,4.451876322,0,42.9,86
634,Sugar & Spice - Branch 3,bengaluru,desserts,Bakery,Yes,1,4.343815276,0,36.4,142
54,Gulshan Dhaba,bengaluru,north_indian,Delivery,Yes,1,3.492068513,0,70.7,82
178,Amritsar Express - Branch 2,hyderabad,north_indian,Casual Dining,Yes,1,4.779355044,0,60.1,98
135,Shree Sagar,hyderabad,south_indian,Quick Bites,No,3,4.10373899,0,61.6,29
579,Snacky Corner - Branch 3,bengaluru,fast_food,Delivery,Yes,2,4.562656065,1,24.4,101
6,China Gate,bengaluru,chinese,Casual Dining,Yes,1,3.666349502,1,58.5,137
2,Shisha Palace,mumbai,arabian,Delivery,Yes,1,4.471925197,0,60,101
11,Ping's Cafe,chennai,chinese,Casual Dining,Yes,1,4.134513975,1,42.4,152
534,Bella Cucina - Branch 4,mumbai,italian,Cafe,Yes,1,3.640340664,0,37.5,105
622,Biryani Blues - Branch 4,chennai,biryani,Quick Bites,Yes,1,4.300107119,0,40.2,120
192,MTR Restaurant - Branch 2,pune,south_indian,Delivery,Yes,2,4.288044861,0,41.7,75
150,The Great Kabab Factory - Branch 2,bengaluru,north_indian,Casual Dining,No,2,4.272032733,0,45.4,81
631,Dum Pukht - Branch 7,chennai,north_indian,Casual Dining,Yes,1,3.658476354,0,37.1,118
475,Ping's Cafe - Branch 4,pune,chinese,Delivery,Yes,2,3.443504242,1,45,110
15,China Bistro,chennai,chinese,Food Court,No,1,4.50799771,1,58.1,141
405,Bella Cucina - Branch 3,mumbai,italian,Delivery,Yes,2,4.204449538,0,66.5,73
132,Royal Mughal Kitchen - Branch 2,hyderabad,north_indian,Delivery,Yes,3,4.192731018,1,41.4,86
237,The Smashed Burger - Branch 2,bengaluru,fast_food,Delivery,No,2,4.473848945,0,69.7,78
378,Haveli Restro - Branch 4,hyderabad,north_indian,Fine Dining,No,2,3.71998861,0,44.2,94
630,Hakka House - Branch 5,delhi,chinese,Delivery,Yes,2,3.557328994,0,34.1,60
652,Moti Mahal - Branch 7,hyderabad,north_indian,Casual Dining,Yes,1,3.94096944,1,36.8,150
89,Shawarma Point,hyderabad,arabian,Quick Bites,No,1,4.142075576,1,47.8,139
325,Gulshan Dhaba - Branch 4,hyderabad,north_indian,Delivery,Yes,2,3.83444421,0,45.8,76
687,Fes Moroccan,bengaluru,arabian,Quick Bites,Yes,1,4.217015884,0,44.6,129
599,Hyderabad House - Branch 4,hyderabad,biryani,Casual Dining,Yes,2,4.217902965,0,52.8,71
448,The Fatty Bao - Branch 2,hyderabad,continental,Casual Dining,Yes,2,3.51185491,0,38.4,85
447,Paradise Biryani - Branch 3,hyderabad,biryani,Delivery,Yes,1,4.034659868,1,75,144
12,The Third Eye,delhi,continental,Casual Dining,No,3,3.74915674,0,47.4,29
667,Andhra Spice - Branch 6,mumbai,south_indian,Casual Dining,No,3,3.857655075,0,53.7,31
444,Basilico - Branch 3,bengaluru,italian,Fine Dining,Yes,2,3.936990014,0,54.4,73
396,Brahmin's Coffee Bar - Branch 4,hyderabad,south_indian,Delivery,No,1,3.827814587,0,38.3,107
242,Dosa Plaza - Branch 2,hyderabad,south_indian,Food Court,No,2,3.616606865,1,75,110
424,Napoli Ristorante - Branch 3,bengaluru,italian,Fine Dining,Yes,1,3.624669833,0,42.1,93
646,Punjab Grill - Branch 7,bengaluru,north_indian,Quick Bites,No,3,3.822347371,0,24.8,47
589,China Gate - Branch 5,hyderabad,chinese,Food Court,No,2,3.80765182,0,38.4,74
108,Red Dragon,delhi,chinese,Food Court,Yes,3,4.15633962,0,31.3,79
408,Wok to Walk - Branch 3,pune,chinese,Food Court,Yes,3,3.643595908,0,62.7,51
169,The Tamilian Kitchen - Branch 2,delhi,south_indian,Food Court,No,1,3.920775447,1,52,141
371,Noodle Street - Branch 3,delhi,chinese,Quick Bites,Yes,1,3.933579171,1,36.4,129
613,Grub Shack - Branch 4,mumbai,fast_food,Quick Bites,Yes,2,3.938243993,0,49.3,61
82,Momo Station,chennai,chinese,Delivery,Yes,2,4.569696305,0,55.8,75
349,Dragon Palace - Branch 3,mumbai,chinese,Casual Dining,Yes,1,3.742732089,0,24.1,102
115,Snacky Corner,bengaluru,fast_food,Quick Bites,Yes,3,4.013044885,1,64.8,81
218,Dhaba by Claridges - Branch 3,hyderabad,north_indian,Quick Bites,Yes,1,3.784162839,0,61.2,114
36,Shahi Biryani Palace,mumbai,biryani,Delivery,No,3,3.831231379,1,46.1,63
181,SLV Corner - Branch 2,mumbai,south_indian,Delivery,Yes,3,3.809251847,0,62.6,48
27,Hangar Bar & Kitchen,delhi,fast_food,Food Court,Yes,1,4.677809307,1,54.2,134
615,Murugan Idli Shop - Branch 6,mumbai,south_indian,Casual Dining,Yes,3,4.487658711,0,40.9,51
35,The Tamilian Kitchen,hyderabad,south_indian,Food Court,Yes,2,4.129319782,0,54.6,91
272,Hotel Vijayalakshmi - Branch 2,delhi,south_indian,Food Court,Yes,1,3.680963901,1,28.9,135
148,CTR Malleswaram,mumbai,south_indian,Food Court,Yes,1,3.336815911,0,27.4,103
226,Hyderabad House - Branch 2,pune,biryani,Delivery,No,3,4.145817179,0,42.4,45
549,Haveli Restro - Branch 6,hyderabad,north_indian,Fine Dining,Yes,1,3.707369119,0,35,135
179,Cafe Bahar - Branch 2,delhi,biryani,Delivery,Yes,1,3.816158595,0,75,106
491,The Dragon Wok - Branch 4,mumbai,chinese,Casual Dining,Yes,1,4.965131454,1,43.2,169
152,Basilico,hyderabad,italian,Fine Dining,Yes,2,3.903582641,1,72.7,105
625,SLV Corner - Branch 6,mumbai,south_indian,Quick Bites,Yes,1,4.280641663,0,75,107
7,Bella Cucina,delhi,italian,Fine Dining,Yes,1,4.337083218,0,47,90
481,The Tamilian Kitchen - Branch 5,pune,south_indian,Casual Dining,No,1,4.203080753,0,57.9,117
347,Mainland China - Branch 3,bengaluru,chinese,Delivery,Yes,2,3.605521751,1,75,126
65,Bukhara Dhaba,bengaluru,north_indian,Quick Bites,Yes,3,4.249687729,0,51,49
13,Grub Shack,mumbai,fast_food,Food Court,Yes,1,4.232153333,0,39.5,112
0,Olive Bar & Kitchen,chennai,continental,Fine Dining,No,1,4.340626765,0,33.5,105
238,Udupi Palace - Branch 2,bengaluru,south_indian,Food Court,Yes,3,4.600420606,0,50.8,63
140,Dum Pukht - Branch 2,hyderabad,north_indian,Fine Dining,Yes,2,4.101645304,0,37,75
429,Red Dragon - Branch 3,bengaluru,chinese,Casual Dining,Yes,2,3.929016404,0,59.8,92
375,Salt Water Grill - Branch 2,bengaluru,continental,Casual Dining,Yes,2,4.087911344,0,75,73
574,NIC Ice Creams - Branch 2,bengaluru,desserts,Cafe,Yes,1,3.871372618,0,39.4,110
4,Wok Express,hyderabad,chinese,Quick Bites,No,1,3.631242795,0,37.5,118
397,Frontier - Branch 5,mumbai,north_indian,Quick Bites,Yes,2,3.64999168,1,36.5,106
154,Punjab Grill - Branch 2,hyderabad,north_indian,Fine Dining,Yes,2,4.344599327,0,58.1,77
468,Hotel Vijayalakshmi - Branch 4,mumbai,south_indian,Casual Dining,Yes,1,4.402633781,0,69.4,120
618,Chopsticks House - Branch 5,hyderabad,chinese,Casual Dining,Yes,2,3.975183148,0,58.2,77
374,Pind Balluchi - Branch 4,pune,north_indian,Casual Dining,Yes,1,3.125724896,1,43.3,144
507,Freshmenu - Branch 3,bengaluru,fast_food,Food Court,Yes,2,4.307395524,0,45.2,63
425,Vapiano - Branch 3,chennai,italian,Fine Dining,Yes,1,4.045609629,0,32,127
669,Haveli Restro - Branch 7,hyderabad,north_indian,Fine Dining,No,1,4.099230429,0,51.6,131
616,Trattoria - Branch 4,mumbai,italian,Delivery,Yes,3,3.688113729,0,75,52
361,Amritsar Express - Branch 4,hyderabad,north_indian,Quick Bites,Yes,1,3.838011583,1,59.4,152
561,Dum Biryani House - Branch 4,bengaluru,biryani,Delivery,No,2,3.786527427,0,33.3,78
395,Grub Shack - Branch 3,mumbai,fast_food,Quick Bites,Yes,3,4.257899837,0,48.6,60
612,The Tamilian Kitchen - Branch 6,chennai,south_indian,Quick Bites,Yes,3,3.413064198,0,35.9,39
437,Royal Biryani - Branch 3,hyderabad,biryani,Quick Bites,No,1,3.447521471,1,29.3,163
655,Vasantha Bhavan - Branch 6,delhi,south_indian,Food Court,Yes,2,4.220421423,0,30.2,81
699,Gino's Pizza - Branch 5,pune,italian,Delivery,Yes,1,3.877178253,0,45.2,114
174,Express Kitchen,delhi,fast_food,Delivery,No,1,3.866806727,1,48,152
55,Kabab & Kurry,chennai,arabian,Delivery,Yes,2,3.871765224,0,42.5,72
497,Dragon Palace - Branch 4,bengaluru,chinese,Food Court,Yes,2,4.395303144,0,38.7,82
460,Pind Balluchi - Branch 5,delhi,north_indian,Casual Dining,Yes,1,3.522959937,0,31,95
601,Mama Mia - Branch 4,chennai,italian,Casual Dining,Yes,1,4.125363727,0,45.8,118
311,Royal Mughal Kitchen - Branch 4,chennai,north_indian,Fine Dining,No,2,3.894210599,0,37.4,62
518,Tandoor Magic - Branch 6,bengaluru,north_indian,Quick Bites,Yes,2,3.800313156,0,47.5,76
98,Bombay Burger Co,delhi,fast_food,Delivery,Yes,2,3.654985857,0,39.3,102
400,Chettinad Cuisine - Branch 4,chennai,south_indian,Casual Dining,Yes,2,3.748263707,0,51.4,71
85,Burger barn,hyderabad,fast_food,Food Court,Yes,2,4.15503583,0,53.3,68
483,Spice Route - Branch 6,mumbai,north_indian,Casual Dining,Yes,3,3.498131536,0,39.6,25
343,Il Forno - Branch 2,chennai,italian,Fine Dining,Yes,2,3.655099612,0,60.1,72
216,Spice of Arabia,delhi,arabian,Casual Dining,No,2,4.700632599,0,48.1,93
232,Andhra Spice - Branch 2,delhi,south_indian,Delivery,Yes,2,4.278807114,0,61.2,72
644,Nandhini Restaurant - Branch 6,bengaluru,south_indian,Food Court,Yes,3,3.99946585,0,56.2,39
166,Mainland China - Branch 2,delhi,chinese,Quick Bites,Yes,1,3.907256736,0,34.1,106
543,Nizam's Biryani - Branch 4,mumbai,biryani,Quick Bites,Yes,3,3.828000365,0,28.6,47
409,Momo Station - Branch 3,delhi,chinese,Casual Dining,No,3,4.061311708,0,47.6,41
136,Biryani Blues,delhi,biryani,Casual Dining,Yes,1,3.552156471,0,43.6,105
253,Bella Cucina - Branch 2,hyderabad,italian,Delivery,Yes,1,4.327143351,0,58.2,119
284,Haveli Restro - Branch 3,hyderabad,north_indian,Quick Bites,No,2,3.771722237,0,65,67
506,Hakka House - Branch 4,bengaluru,chinese,Food Court,Yes,1,3.925326933,0,32.5,102
256,Burger barn - Branch 2,mumbai,fast_food,Food Court,Yes,3,3.246670511,1,47.8,57
355,Hotel Vijayalakshmi - Branch 3,pune,south_indian,Food Court,Yes,3,3.70145114,0,52.5,55
600,China Bistro - Branch 5,hyderabad,chinese,Delivery,Yes,2,3.918334382,0,75,64
103,Beirut Kitchen,delhi,arabian,Delivery,Yes,2,3.299035108,1,53.9,101
587,Royal Mughal Kitchen - Branch 7,chennai,north_indian,Delivery,No,2,3.538935691,0,43.6,68
191,The Beer Cafe,hyderabad,continental,Cafe,Yes,1,3.769499617,0,53.6,103
49,Dum Pukht,bengaluru,north_indian,Casual Dining,Yes,1,4.258039873,1,49.2,144
176,Chopsticks House - Branch 2,bengaluru,chinese,Food Court,No,2,4.049144356,1,75,91
693,Pastry Palace - Branch 3,bengaluru,desserts,Quick Bites,No,2,3.915407607,0,53.1,75
142,Heritage Kitchen - Branch 2,bengaluru,north_indian,Delivery,No,2,4.152362988,0,39.1,69
46,Al-Yousuf Biryani,mumbai,biryani,Delivery,Yes,1,3.481651432,1,68.7,152
58,SLV Corner,bengaluru,south_indian,Casual Dining,Yes,1,4.24911731,0,75,96
678,Bawarchi Restaurant - Branch 5,mumbai,biryani,Delivery,Yes,1,3.641659067,1,75,129
454,Hyderabad House - Branch 3,chennai,biryani,Casual Dining,Yes,1,3.978271503,0,32.6,112
8,Shanghai Garden,bengaluru,chinese,Food Court,No,1,4.199380282,0,63,105
3,Spice Route,bengaluru,north_indian,Quick Bites,No,1,4.13761889,0,73.7,135
471,Biryani Bell - Branch 3,bengaluru,biryani,Delivery,Yes,3,3.903024903,0,43.3,49
118,China Gate - Branch 2,hyderabad,chinese,Quick Bites,Yes,2,4.427215104,0,75,49
335,Shree Sagar - Branch 3,bengaluru,south_indian,Casual Dining,Yes,3,4.106603682,0,30.9,42
24,Mainland China,bengaluru,chinese,Food Court,No,1,3.808784752,0,39.7,105
524,Gulshan Dhaba - Branch 6,chennai,north_indian,Delivery,Yes,1,3.999204468,0,26.3,119
360,Saravana Bhavan - Branch 3,chennai,south_indian,Food Court,Yes,1,3.867644059,0,59.3,104
676,Orient Kitchen - Branch 5,hyderabad,chinese,Delivery,Yes,3,3.395111737,0,46,50
668,Behrouz Biryani - Branch 5,hyderabad,biryani,Casual Dining,Yes,1,3.117678161,0,63.4,122
530,Golden Dragon - Branch 4,bengaluru,chinese,Quick Bites,Yes,1,4.238446197,0,49.4,102
608,FoodBox - Branch 3,mumbai,fast_food,Quick Bites,Yes,2,3.905163321,0,42.8,98
663,Pind Balluchi - Branch 7,delhi,north_indian,Casual Dining,Yes,1,3.969555793,0,49.1,110
288,The Bigg Small Cafe - Branch 4,mumbai,north_indian,Fine Dining,Yes,1,4.331058019,1,48.8,131
324,Kerala Kitchen - Branch 3,bengaluru,south_indian,Casual Dining,Yes,1,4.359873563,0,29.6,110
516,The Biryani Kitchen - Branch 4,hyderabad,biryani,Casual Dining,Yes,3,3.660224772,1,34.9,75
21,Rebel Foods,bengaluru,fast_food,Food Court,Yes,2,3.553228519,0,47.5,68
210,Dum Biryani House - Branch 2,hyderabad,biryani,Casual Dining,No,1,3.701793311,0,44.2,98
686,The Table - Branch 2,chennai,continental,Cafe,No,1,4.240238897,0,62.9,100
462,Haveli Restro - Branch 5,bengaluru,north_indian,Delivery,Yes,1,3.772993901,0,66,102
130,Ping's Cafe - Branch 2,delhi,chinese,Casual Dining,No,1,4.35712203,0,33.4,104
173,Bawarchi Restaurant - Branch 2,bengaluru,biryani,Delivery,No,1,3.031405396,0,40.1,112
26,Frontier,hyderabad,north_indian,Fine Dining,Yes,2,3.441544881,1,33.8,93
84,Orient Kitchen,pune,chinese,Delivery,Yes,2,3.953273582,0,45.1,79
292,Spice Route - Branch 4,delhi,north_indian,Casual Dining,Yes,3,3.899587888,0,75,28
221,Chettinad Cuisine - Branch 2,bengaluru,south_indian,Food Court,Yes,2,4.331088412,0,40.7,86
170,Naturals Ice Cream,mumbai,desserts,Dessert Parlour,Yes,2,4.102328355,1,35.3,115
286,Vapiano - Branch 2,hyderabad,italian,Casual Dining,No,3,3.709659661,0,32,52
554,Giulia's Kitchen - Branch 4,bengaluru,italian,Casual Dining,No,1,3.717893936,0,54.1,118
212,Royal Biryani - Branch 2,chennai,biryani,Quick Bites,Yes,3,3.827534074,0,48.4,48
45,Gino's Pizza,chennai,italian,Cafe,Yes,1,3.991777686,0,60.4,115
225,Golden Dragon - Branch 2,pune,chinese,Delivery,No,2,3.616692329,0,51.2,66
493,Mainland China - Branch 4,chennai,chinese,Quick Bites,Yes,2,3.782147663,0,49.1,84
302,Hotel Janatha Deluxe - Branch 3,mumbai,south_indian,Quick Bites,Yes,2,3.521281438,0,64.9,62
198,Nizam's Biryani - Branch 2,hyderabad,biryani,Delivery,Yes,3,4.296922346,0,75,26
547,Chettinad Cuisine - Branch 5,hyderabad,south_indian,Delivery,No,1,3.395808572,1,60.5,145
545,Canton Canteen - Branch 4,pune,chinese,Food Court,Yes,1,3.710801927,0,67.4,107
387,Hotel Janatha Deluxe - Branch 4,pune,south_indian,Food Court,Yes,3,4.136916035,0,52.7,24
372,Hakka House - Branch 3,hyderabad,chinese,Casual Dining,No,3,4.10607451,0,46.3,62
117,Dhaba by Claridges - Branch 2,bengaluru,north_indian,Casual Dining,Yes,3,4.012260049,1,45.8,81
10,Giulia's Kitchen,mumbai,italian,Fine Dining,No,2,3.962461555,1,39.6,115
88,Brahmin's Coffee Bar,bengaluru,south_indian,Casual Dining,Yes,3,4.172600702,0,75,32
464,The Bigg Small Cafe - Branch 6,delhi,north_indian,Delivery,Yes,1,3.623594952,0,40.4,103
537,Brahmin's Coffee Bar - Branch 5,mumbai,south_indian,Casual Dining,Yes,3,4.032933068,0,63.5,38
51,Wings Over India,mumbai,fast_food,Delivery,Yes,2,5,0,72.9,73
373,Shahi Biryani Palace - Branch 3,bengaluru,biryani,Delivery,Yes,3,4.011168544,0,38.8,37
571,Lucknowi Biryani Co. - Branch 4,bengaluru,biryani,Delivery,Yes,2,4.032612728,0,37.1,56
41,Mithai by Kanchan,hyderabad,desserts,Dessert Parlour,No,2,3.852780439,0,38.8,77
160,Behrouz Biryani - Branch 2,hyderabad,biryani,Casual Dining,No,3,3.925138735,0,55,47
684,Fatto a Mano - Branch 4,hyderabad,italian,Cafe,Yes,1,3.688856519,0,49.2,111
596,Ping's Cafe - Branch 5,delhi,chinese,Delivery,Yes,2,4.16961506,1,38.9,109
432,L'Opéra - Branch 2,bengaluru,desserts,Bakery,No,2,4.093368492,0,35.7,72
113,The Mezze Company,bengaluru,arabian,Casual Dining,Yes,2,4.094168058,0,75,91
270,Moti Mahal - Branch 3,bengaluru,north_indian,Quick Bites,Yes,2,4.420139154,0,43.4,78
628,Sorrentina - Branch 4,chennai,italian,Fine Dining,No,1,3.618839161,0,57.3,109
578,Eat.fit Kitchen - Branch 3,bengaluru,fast_food,Quick Bites,Yes,1,3.790473126,0,41.7,116
260,La Folie,chennai,desserts,Cafe,Yes,1,3.559909664,1,57.6,130
164,The Dragon Wok - Branch 2,bengaluru,chinese,Food Court,Yes,2,4.450842214,1,52.7,99
458,Golkonda Biryani - Branch 3,chennai,biryani,Quick Bites,Yes,1,2.720191548,1,34.9,130
326,Andhra Spice - Branch 3,hyderabad,south_indian,Food Court,Yes,1,4.325241754,0,45.5,116
131,Amici Cafe,hyderabad,italian,Casual Dining,Yes,2,3.814174559,1,65.1,120
482,Dum Pukht Biryani - Branch 3,delhi,biryani,Casual Dining,Yes,2,4.06183624,0,38.5,75
389,Al Bake,hyderabad,arabian,Casual Dining,Yes,1,3.813257606,0,67.1,104
340,CTR Malleswaram - Branch 3,bengaluru,south_indian,Quick Bites,No,1,4.244067477,0,43.8,73
576,BOX8 - Branch 3,hyderabad,fast_food,Quick Bites,Yes,2,3.631507749,0,29.7,58
